duration_hours,start_forecast_hour,end_forecast_hour,valid_start_utc,valid_end_utc,message_count,variables,grib2,grib2_sha256,sidecar,sidecar_sha256,inventory,inventory_sha256,size_bytes
6,0,6,2026-09-20T12:00:00Z,2026-09-20T18:00:00Z,5,expected_precip_mm;prob_gt_0p25inch_percent;prob_gt_0p5inch_percent;prob_gt_1inch_percent;prob_gt_2inch_percent,6h/f00_f06/hrrr_2026092012_f00_f06_gnncsgd_6h_core.grib2,84a441560cf82c72f3a25b6e2caaf3df146f57a25502604037ed81a63e08513e,6h/f00_f06/hrrr_2026092012_f00_f06_gnncsgd_6h_core.grib2.json,e6cf05bf5211b610a89fa7975ed5610ad94c40537b203340263b5f86435f3d87,6h/f00_f06/wgrib2_inventory.txt,41cd1d9129a357eb1546932d392f5663c2eccf6a1e7d3fc8324c855f14e077c2,219342
6,6,12,2026-09-20T18:00:00Z,2026-09-21T00:00:00Z,5,expected_precip_mm;prob_gt_0p25inch_percent;prob_gt_0p5inch_percent;prob_gt_1inch_percent;prob_gt_2inch_percent,6h/f06_f12/hrrr_2026092012_f06_f12_gnncsgd_6h_core.grib2,d5921f28aa92e959766c550a7340b66bd07715f3480e3427e8db7ed0ef57e1dd,6h/f06_f12/hrrr_2026092012_f06_f12_gnncsgd_6h_core.grib2.json,244a11885b5d23712c7b12d7dd3b51e180917e8a5dbf27b89a8d77bc03240ed4,6h/f06_f12/wgrib2_inventory.txt,0d0017de3d4062d764012c465373ee14d169f20899a7b44309e8dffbad09f855,219342
6,12,18,2026-09-21T00:00:00Z,2026-09-21T06:00:00Z,5,expected_precip_mm;prob_gt_0p25inch_percent;prob_gt_0p5inch_percent;prob_gt_1inch_percent;prob_gt_2inch_percent,6h/f12_f18/hrrr_2026092012_f12_f18_gnncsgd_6h_core.grib2,0656e2391ed86ff2cbb119fc8af222c06443f0454702260da037531b51b1c05a,6h/f12_f18/hrrr_2026092012_f12_f18_gnncsgd_6h_core.grib2.json,8e40791da06a208bea12f0c267cce470bb8b4cddd352504795ae2ab9745c89f5,6h/f12_f18/wgrib2_inventory.txt,f9778e8c86be5fb9b78cd45ec1a2cc14d3b367755eda0c5d59203db7cad34c86,219342
6,18,24,2026-09-21T06:00:00Z,2026-09-21T12:00:00Z,5,expected_precip_mm;prob_gt_0p25inch_percent;prob_gt_0p5inch_percent;prob_gt_1inch_percent;prob_gt_2inch_percent,6h/f18_f24/hrrr_2026092012_f18_f24_gnncsgd_6h_core.grib2,43919d29e036a1bc29199fc01d78b4d27b753ae8594678936672d8a8e306c244,6h/f18_f24/hrrr_2026092012_f18_f24_gnncsgd_6h_core.grib2.json,c6cb8cf1febbe6fdade36baee432ac1a97a6b06d1df4c3975d1fd44827d058b9,6h/f18_f24/wgrib2_inventory.txt,63b1f9a1b538ef641def78d53f6a3e4011ca37be3a71a3e38736c02fa264ec6d,219342
6,24,30,2026-09-21T12:00:00Z,2026-09-21T18:00:00Z,5,expected_precip_mm;prob_gt_0p25inch_percent;prob_gt_0p5inch_percent;prob_gt_1inch_percent;prob_gt_2inch_percent,6h/f24_f30/hrrr_2026092012_f24_f30_gnncsgd_6h_core.grib2,a0562b538a5d383efec037f11646f13a79787884e6d9659e54ffec234f1d9991,6h/f24_f30/hrrr_2026092012_f24_f30_gnncsgd_6h_core.grib2.json,b95e55961ec458c90e90f945e0959b16edd597f6113b3178c5db1224a53fcc86,6h/f24_f30/wgrib2_inventory.txt,e5d516af6043c887c658adfe54083020bdbe0baa5ae86f91f9fc700a56f33903,219342
6,30,36,2026-09-21T18:00:00Z,2026-09-22T00:00:00Z,5,expected_precip_mm;prob_gt_0p25inch_percent;prob_gt_0p5inch_percent;prob_gt_1inch_percent;prob_gt_2inch_percent,6h/f30_f36/hrrr_2026092012_f30_f36_gnncsgd_6h_core.grib2,1137bb32ffbf9bb166aa31b921ca5dae003b532003660e6854ba11496461620c,6h/f30_f36/hrrr_2026092012_f30_f36_gnncsgd_6h_core.grib2.json,0eaa6130c4632e91da9212157e4540a4906987a94c25fc816af187bb2e7c982f,6h/f30_f36/wgrib2_inventory.txt,7a3ba2ac0b1122104535b83864b7a48fc3c534b690edbc640d451b025715a466,219342
6,36,42,2026-09-22T00:00:00Z,2026-09-22T06:00:00Z,5,expected_precip_mm;prob_gt_0p25inch_percent;prob_gt_0p5inch_percent;prob_gt_1inch_percent;prob_gt_2inch_percent,6h/f36_f42/hrrr_2026092012_f36_f42_gnncsgd_6h_core.grib2,576757e78a42807a3b40a230db20b619e873966bd1e3bf781e0290dfbf169e0f,6h/f36_f42/hrrr_2026092012_f36_f42_gnncsgd_6h_core.grib2.json,31e6d9e4970d8719e9c33b61a21a2f58f7d802aba4f5c7388e6698a24c470263,6h/f36_f42/wgrib2_inventory.txt,4956aaf7686e56fe78dcf978cbaa4152eef3d85ac711ed12593647286138d940,219342
6,42,48,2026-09-22T06:00:00Z,2026-09-22T12:00:00Z,5,expected_precip_mm;prob_gt_0p25inch_percent;prob_gt_0p5inch_percent;prob_gt_1inch_percent;prob_gt_2inch_percent,6h/f42_f48/hrrr_2026092012_f42_f48_gnncsgd_6h_core.grib2,0711cb6a875f131409267fdfa1d181c8fddd78a5ce2ca43cba4acd40e8d71c80,6h/f42_f48/hrrr_2026092012_f42_f48_gnncsgd_6h_core.grib2.json,673d5022bcab1d00789062daa8258ccfc344c6b523a2e3337a00a8f74822dfc1,6h/f42_f48/wgrib2_inventory.txt,a57da64af447c17fed5a8c00d43a071bb47fcc6bca29d76c6c78ed5f7a445513,219342
12,0,12,2026-09-20T12:00:00Z,2026-09-21T00:00:00Z,5,expected_precip_mm;prob_gt_0p5inch_percent;prob_gt_1inch_percent;prob_gt_2inch_percent;prob_gt_3inch_percent,12h/f00_f12/hrrr_2026092012_f00_f12_gnncsgd_12h_core.grib2,0403abb732e046554a83b963db84b0adb4ea3f437b337f19f31b2f34039324f4,12h/f00_f12/hrrr_2026092012_f00_f12_gnncsgd_12h_core.grib2.json,a31c9e2ac6150ca3e9fae50cfdf89d966d7dc60e17b8f72a45d62891821cfdf0,12h/f00_f12/wgrib2_inventory.txt,1cb043833e4be2e7c041c2702beba9383178dbe052b11ee8f29e24a5dcf0fef5,219342
12,6,18,2026-09-20T18:00:00Z,2026-09-21T06:00:00Z,5,expected_precip_mm;prob_gt_0p5inch_percent;prob_gt_1inch_percent;prob_gt_2inch_percent;prob_gt_3inch_percent,12h/f06_f18/hrrr_2026092012_f06_f18_gnncsgd_12h_core.grib2,e9a76b9024006a89fb634802e7910df9bea1662bb9a19d8af4ddce8e39845322,12h/f06_f18/hrrr_2026092012_f06_f18_gnncsgd_12h_core.grib2.json,8c50d5bb4e33a7379b23cf3ac717313c906b0cbb16a5e036e7dd100a4bc3e187,12h/f06_f18/wgrib2_inventory.txt,05249bca61c448d987f1f3e9009f9447d27527c1491be0487655eeffbd5471cf,219342
12,12,24,2026-09-21T00:00:00Z,2026-09-21T12:00:00Z,5,expected_precip_mm;prob_gt_0p5inch_percent;prob_gt_1inch_percent;prob_gt_2inch_percent;prob_gt_3inch_percent,12h/f12_f24/hrrr_2026092012_f12_f24_gnncsgd_12h_core.grib2,06beb752e79bdba2689a5ad7d246fcc0c3d136f4457c4d67f37c5cbd681e9768,12h/f12_f24/hrrr_2026092012_f12_f24_gnncsgd_12h_core.grib2.json,233a2c3411a689acce2289087d019f2a33f9bceea3f524f012237d1d6181676b,12h/f12_f24/wgrib2_inventory.txt,77d2b50ab6e9b17e316e8f29ad5b782393cf5b758cfef4ba6870149e68c80e52,219342
12,18,30,2026-09-21T06:00:00Z,2026-09-21T18:00:00Z,5,expected_precip_mm;prob_gt_0p5inch_percent;prob_gt_1inch_percent;prob_gt_2inch_percent;prob_gt_3inch_percent,12h/f18_f30/hrrr_2026092012_f18_f30_gnncsgd_12h_core.grib2,f740c0f516a909d945288c5ab8d8b1347110690134c07bd780fd813edeeab0fc,12h/f18_f30/hrrr_2026092012_f18_f30_gnncsgd_12h_core.grib2.json,820549d218f252f06bb9d3675fe79a8a088dde2b74572f93e0937ef46c2d3128,12h/f18_f30/wgrib2_inventory.txt,68fde9ff0728887a64e71ac4741dbd9dc7b0fd6137c691206cbe61c796eeae22,219342
12,24,36,2026-09-21T12:00:00Z,2026-09-22T00:00:00Z,5,expected_precip_mm;prob_gt_0p5inch_percent;prob_gt_1inch_percent;prob_gt_2inch_percent;prob_gt_3inch_percent,12h/f24_f36/hrrr_2026092012_f24_f36_gnncsgd_12h_core.grib2,2b53105664f27c271c091c84fd65e175417ea081c6bb1c0c63c7c31a441151a3,12h/f24_f36/hrrr_2026092012_f24_f36_gnncsgd_12h_core.grib2.json,a362abc21917283fd79748ff49f4fe0b37f2964729939663aba54f4f333d08fe,12h/f24_f36/wgrib2_inventory.txt,f9314095deeccb2db97e50977c09c17abad21127a6123067f16daf6833e7218c,219342
12,30,42,2026-09-21T18:00:00Z,2026-09-22T06:00:00Z,5,expected_precip_mm;prob_gt_0p5inch_percent;prob_gt_1inch_percent;prob_gt_2inch_percent;prob_gt_3inch_percent,12h/f30_f42/hrrr_2026092012_f30_f42_gnncsgd_12h_core.grib2,6262b0772089da152967d6d64efa2272acde0d6e3d1dd1e02b198d2382cd470c,12h/f30_f42/hrrr_2026092012_f30_f42_gnncsgd_12h_core.grib2.json,20da62674d5d3cf8a4e18f3ec012cf2fab9b9ecca00ba67fbcced59ef7810012,12h/f30_f42/wgrib2_inventory.txt,170f215a62cdb97f4fa460f6d1909afdebd8c3b2875d45943cf5846e9da324cd,219342
12,36,48,2026-09-22T00:00:00Z,2026-09-22T12:00:00Z,5,expected_precip_mm;prob_gt_0p5inch_percent;prob_gt_1inch_percent;prob_gt_2inch_percent;prob_gt_3inch_percent,12h/f36_f48/hrrr_2026092012_f36_f48_gnncsgd_12h_core.grib2,807260abff00bf81733df4f9bf072e6bf23aa5fa524d9b894818805e60663936,12h/f36_f48/hrrr_2026092012_f36_f48_gnncsgd_12h_core.grib2.json,6d0e23c45a469c720edeb34cfa39cdc3eeb089892c9d407c0ffc8ec216316126,12h/f36_f48/wgrib2_inventory.txt,80e89a7294537c8868969839cabc323f23137cf7ad4ca5d853d101b217fc5ccb,219342
24,0,24,2026-09-20T12:00:00Z,2026-09-21T12:00:00Z,6,expected_precip_mm;prob_gt_0p5inch_percent;prob_gt_1inch_percent;prob_gt_2inch_percent;prob_gt_3inch_percent;prob_gt_5inch_percent,24h/f00_f24/hrrr_2026092012_f00_f24_gnncsgd_24h_core.grib2,ccd47568e2e068f47c9a571acd19c2443f9053e181a2cf564aa1bca0fc50fa45,24h/f00_f24/hrrr_2026092012_f00_f24_gnncsgd_24h_core.grib2.json,bb81e9de540e9fefeaa8450e35a9a5d5a205c1f8fa8ddbb353b3512aeedb30b2,24h/f00_f24/wgrib2_inventory.txt,3241e0c69e47e71e44cf6aa3c8ac627adb47532946792439765f202490a0555d,263213
24,6,30,2026-09-20T18:00:00Z,2026-09-21T18:00:00Z,6,expected_precip_mm;prob_gt_0p5inch_percent;prob_gt_1inch_percent;prob_gt_2inch_percent;prob_gt_3inch_percent;prob_gt_5inch_percent,24h/f06_f30/hrrr_2026092012_f06_f30_gnncsgd_24h_core.grib2,9b3ce6bd23c877334b1ae32ad2c7cc5446419dc938e66941b7b88d07a2003c59,24h/f06_f30/hrrr_2026092012_f06_f30_gnncsgd_24h_core.grib2.json,72d1cc54ad0957d932d11b0f38f856823a8c9a535bcc742444b4a392b9982579,24h/f06_f30/wgrib2_inventory.txt,b626c95c49a930769dc0171f6c228a357bbdae98f3f99c7333049f71a50c4720,263213
24,12,36,2026-09-21T00:00:00Z,2026-09-22T00:00:00Z,6,expected_precip_mm;prob_gt_0p5inch_percent;prob_gt_1inch_percent;prob_gt_2inch_percent;prob_gt_3inch_percent;prob_gt_5inch_percent,24h/f12_f36/hrrr_2026092012_f12_f36_gnncsgd_24h_core.grib2,f89565569516c300371fdd9a2b8fd7b6ec546456ea7b29b0ef74512df996d642,24h/f12_f36/hrrr_2026092012_f12_f36_gnncsgd_24h_core.grib2.json,8537138f3e808976b9c020ecddeb39c4ca6986b1bc14cfdaf5eadc269ceb8041,24h/f12_f36/wgrib2_inventory.txt,ca251568a075c8de9102cd3bac2ad21e6ae4c73ce59c016496e190011840b947,263213
24,18,42,2026-09-21T06:00:00Z,2026-09-22T06:00:00Z,6,expected_precip_mm;prob_gt_0p5inch_percent;prob_gt_1inch_percent;prob_gt_2inch_percent;prob_gt_3inch_percent;prob_gt_5inch_percent,24h/f18_f42/hrrr_2026092012_f18_f42_gnncsgd_24h_core.grib2,d6e7c287f029c10a00e65cb34e8bad60c3e197a8dd5ed09cc5a3b5dc998b192c,24h/f18_f42/hrrr_2026092012_f18_f42_gnncsgd_24h_core.grib2.json,d5d77c75e05ed5ecf217c85212658f90aa8cb37753200eb2aa521e03c1dc78da,24h/f18_f42/wgrib2_inventory.txt,a3ce8883495b8079208839b8c32a99eaf4c3d209f36d160cce84afa3ef1ad377,263213
24,24,48,2026-09-21T12:00:00Z,2026-09-22T12:00:00Z,6,expected_precip_mm;prob_gt_0p5inch_percent;prob_gt_1inch_percent;prob_gt_2inch_percent;prob_gt_3inch_percent;prob_gt_5inch_percent,24h/f24_f48/hrrr_2026092012_f24_f48_gnncsgd_24h_core.grib2,629277accab78ea1d4d18bf2a8469ac58cb3a5ffd184382c819afccdfcf8eb2a,24h/f24_f48/hrrr_2026092012_f24_f48_gnncsgd_24h_core.grib2.json,73283ff373eb7a40d34bc346f98eab038ad5b340b28f358c45c928be8b23ecbc,24h/f24_f48/wgrib2_inventory.txt,f2ef859117caba8c6adc781ad27254cf273e9a58342ce5237b5d507bac983ce4,263213
