duration_hours,group,threshold_label,threshold_mm,model,bin_index,bin_lower,bin_upper,n_samples,mean_forecast_probability,observed_frequency
6,overall,0.5in,12.7,ann_csgd,0,0.0,0.1,37958894,0.003519255707486536,0.003937232733914745
6,overall,0.5in,12.7,ann_csgd,1,0.1,0.2,527508,0.1389719589587538,0.14713900073553388
6,overall,0.5in,12.7,ann_csgd,2,0.2,0.3,170112,0.24292714025529538,0.25643693566591425
6,overall,0.5in,12.7,ann_csgd,3,0.3,0.4,83052,0.3450071154038398,0.3604127534556663
6,overall,0.5in,12.7,ann_csgd,4,0.4,0.5,49477,0.44631655019201383,0.4610425045980961
6,overall,0.5in,12.7,ann_csgd,5,0.5,0.6,33159,0.5471449689790479,0.5563798667028559
6,overall,0.5in,12.7,ann_csgd,6,0.6,0.7,23515,0.6470539189439466,0.6443546672336806
6,overall,0.5in,12.7,ann_csgd,7,0.7,0.8,16925,0.7474352679752705,0.7350073855243723
6,overall,0.5in,12.7,ann_csgd,8,0.8,0.9,13079,0.848416840964496,0.8238397430996254
6,overall,0.5in,12.7,ann_csgd,9,0.9,1.0,12839,0.9537374012352698,0.9227354155308046
6,overall,1in,25.4,ann_csgd,0,0.0,0.1,38700491,0.0015489238609987018,0.0016342169922340262
6,overall,1in,25.4,ann_csgd,1,0.1,0.2,115925,0.13746112203196972,0.13476816907483286
6,overall,1in,25.4,ann_csgd,2,0.2,0.3,35258,0.24279628294163008,0.23943502183901527
6,overall,1in,25.4,ann_csgd,3,0.3,0.4,16218,0.3446745170678409,0.332840054260698
6,overall,1in,25.4,ann_csgd,4,0.4,0.5,8685,0.4451099832715423,0.4270581462291307
6,overall,1in,25.4,ann_csgd,5,0.5,0.6,5160,0.5453876182436943,0.5162790697674419
6,overall,1in,25.4,ann_csgd,6,0.6,0.7,3247,0.6462827769653372,0.6208808130582075
6,overall,1in,25.4,ann_csgd,7,0.7,0.8,1897,0.7458787008719376,0.6937269372693727
6,overall,1in,25.4,ann_csgd,8,0.8,0.9,1233,0.846645658758725,0.8304947283049473
6,overall,1in,25.4,ann_csgd,9,0.9,1.0,446,0.9324244880890098,0.9080717488789237
6,overall,2in,50.8,ann_csgd,0,0.0,0.1,38876571,0.0003218086358876013,0.0002859820121481393
6,overall,2in,50.8,ann_csgd,1,0.1,0.2,8838,0.135316445631095,0.11439239646978955
6,overall,2in,50.8,ann_csgd,2,0.2,0.3,2030,0.24054510405498186,0.21921182266009853
6,overall,2in,50.8,ann_csgd,3,0.3,0.4,668,0.34284546685789874,0.36676646706586824
6,overall,2in,50.8,ann_csgd,4,0.4,0.5,258,0.4457757188830265,0.3992248062015504
6,overall,2in,50.8,ann_csgd,5,0.5,0.6,125,0.5433504576683045,0.504
6,overall,2in,50.8,ann_csgd,6,0.6,0.7,59,0.6357519000263537,0.6271186440677966
6,overall,2in,50.8,ann_csgd,7,0.7,0.8,11,0.7230038697069342,0.7272727272727273
6,overall,2in,50.8,ann_csgd,8,0.8,0.9,0,nan,nan
6,overall,2in,50.8,ann_csgd,9,0.9,1.0,0,nan,nan
6,overall,0.5in,12.7,gnn_csgd,0,0.0,0.1,37907034,0.003598446522768109,0.0037141919359873947
6,overall,0.5in,12.7,gnn_csgd,1,0.1,0.2,562984,0.1392230637823193,0.1428832790985179
6,overall,0.5in,12.7,gnn_csgd,2,0.2,0.3,182310,0.24273641372793145,0.25572376720969775
6,overall,0.5in,12.7,gnn_csgd,3,0.3,0.4,87105,0.3448556342544269,0.36284943459043684
6,overall,0.5in,12.7,gnn_csgd,4,0.4,0.5,51117,0.44622234869565797,0.46982412895905473
6,overall,0.5in,12.7,gnn_csgd,5,0.5,0.6,34070,0.5465342564092271,0.5699442324625771
6,overall,0.5in,12.7,gnn_csgd,6,0.6,0.7,23786,0.647449782077011,0.659001093079963
6,overall,0.5in,12.7,gnn_csgd,7,0.7,0.8,17211,0.7472459711803259,0.7655569112776712
6,overall,0.5in,12.7,gnn_csgd,8,0.8,0.9,12832,0.8480329144318726,0.847568578553616
6,overall,0.5in,12.7,gnn_csgd,9,0.9,1.0,10111,0.9455499359483995,0.9372960142419148
6,overall,0.5in,12.7,raw_hrrr,0,0.0,0.1,38514175,0.0,0.006721031931749804
6,overall,0.5in,12.7,raw_hrrr,9,0.9,1.0,374385,1.0,0.3559036820385432
6,overall,1in,25.4,gnn_csgd,0,0.0,0.1,38705882,0.0016274680741644836,0.0016317674920829862
6,overall,1in,25.4,gnn_csgd,1,0.1,0.2,113790,0.13709364560728113,0.14052201423675192
6,overall,1in,25.4,gnn_csgd,2,0.2,0.3,34801,0.24301025779196725,0.2525502140743082
6,overall,1in,25.4,gnn_csgd,3,0.3,0.4,16259,0.34401641363323054,0.3556184267175103
6,overall,1in,25.4,gnn_csgd,4,0.4,0.5,8505,0.444772876479358,0.4712522045855379
6,overall,1in,25.4,gnn_csgd,5,0.5,0.6,4560,0.5443604673209943,0.5668859649122807
6,overall,1in,25.4,gnn_csgd,6,0.6,0.7,2439,0.6457477248853815,0.6654366543665436
6,overall,1in,25.4,gnn_csgd,7,0.7,0.8,1522,0.7455966880302705,0.8002628120893561
6,overall,1in,25.4,gnn_csgd,8,0.8,0.9,718,0.8414953178349975,0.8426183844011143
6,overall,1in,25.4,gnn_csgd,9,0.9,1.0,84,0.9121958173456646,0.9880952380952381
6,overall,1in,25.4,raw_hrrr,0,0.0,0.1,38783298,0.0,0.0020931690749971805
6,overall,1in,25.4,raw_hrrr,9,0.9,1.0,105262,1.0,0.21529136820505027
6,overall,2in,50.8,gnn_csgd,0,0.0,0.1,38878191,0.00032478945173714115,0.00028820785411543453
6,overall,2in,50.8,gnn_csgd,1,0.1,0.2,7894,0.1343526236424121,0.13377248543197365
6,overall,2in,50.8,gnn_csgd,2,0.2,0.3,1610,0.2410555195179045,0.25527950310559006
6,overall,2in,50.8,gnn_csgd,3,0.3,0.4,562,0.3420880692497267,0.3683274021352313
6,overall,2in,50.8,gnn_csgd,4,0.4,0.5,243,0.44627921362963235,0.4567901234567901
6,overall,2in,50.8,gnn_csgd,5,0.5,0.6,60,0.5274707684914272,0.6666666666666666
6,overall,2in,50.8,gnn_csgd,6,0.6,0.7,0,nan,nan
6,overall,2in,50.8,gnn_csgd,7,0.7,0.8,0,nan,nan
6,overall,2in,50.8,gnn_csgd,8,0.8,0.9,0,nan,nan
6,overall,2in,50.8,gnn_csgd,9,0.9,1.0,0,nan,nan
6,overall,2in,50.8,raw_hrrr,0,0.0,0.1,38872812,0.0,0.00030201056717996116
6,overall,2in,50.8,raw_hrrr,9,0.9,1.0,15748,1.0,0.08191516383032767
12,overall,0.5in,12.7,ann_csgd,0,0.0,0.1,31962014,0.005343827582899589,0.0056288693196868
12,overall,0.5in,12.7,ann_csgd,1,0.1,0.2,941410,0.14203027332377752,0.14323408504264878
12,overall,0.5in,12.7,ann_csgd,2,0.2,0.3,403352,0.2441771466575882,0.25415270037089194
12,overall,0.5in,12.7,ann_csgd,3,0.3,0.4,222388,0.3458035605179268,0.36200694282065576
12,overall,0.5in,12.7,ann_csgd,4,0.4,0.5,140255,0.4466523203342884,0.4770382517557306
12,overall,0.5in,12.7,ann_csgd,5,0.5,0.6,95998,0.5472705787404254,0.583855913664868
12,overall,0.5in,12.7,ann_csgd,6,0.6,0.7,71486,0.6479013748205366,0.6790560389446885
12,overall,0.5in,12.7,ann_csgd,7,0.7,0.8,56174,0.7479537265643774,0.7688254352547442
12,overall,0.5in,12.7,ann_csgd,8,0.8,0.9,45186,0.8484756889829428,0.8588722170583809
12,overall,0.5in,12.7,ann_csgd,9,0.9,1.0,49273,0.9564197005066808,0.9495464047246971
12,overall,1in,25.4,ann_csgd,0,0.0,0.1,33397391,0.002974330379297712,0.0030093069246037813
12,overall,1in,25.4,ann_csgd,1,0.1,0.2,332508,0.13917912921735065,0.14102517834157374
12,overall,1in,25.4,ann_csgd,2,0.2,0.3,114822,0.2433266246046391,0.2517461810454443
12,overall,1in,25.4,ann_csgd,3,0.3,0.4,55546,0.3450535714167039,0.3572714506895186
12,overall,1in,25.4,ann_csgd,4,0.4,0.5,32738,0.4461573910968816,0.4605351579204594
12,overall,1in,25.4,ann_csgd,5,0.5,0.6,20454,0.5466626876112978,0.5705974381539063
12,overall,1in,25.4,ann_csgd,6,0.6,0.7,13734,0.646820858982395,0.6847968545216252
12,overall,1in,25.4,ann_csgd,7,0.7,0.8,9167,0.7460764504459518,0.7738627686265954
12,overall,1in,25.4,ann_csgd,8,0.8,0.9,6324,0.8480445358532279,0.8545224541429475
12,overall,1in,25.4,ann_csgd,9,0.9,1.0,4852,0.9459005475093388,0.9492992580379225
12,overall,2in,50.8,ann_csgd,0,0.0,0.1,33928682,0.0008120303627533142,0.0007483049297346711
12,overall,2in,50.8,ann_csgd,1,0.1,0.2,39208,0.13722126274370608,0.14076208936951642
12,overall,2in,50.8,ann_csgd,2,0.2,0.3,10500,0.24152844567525955,0.27885714285714286
12,overall,2in,50.8,ann_csgd,3,0.3,0.4,4407,0.3441204544717232,0.3857499432720672
12,overall,2in,50.8,ann_csgd,4,0.4,0.5,2252,0.4455829396393964,0.5079928952042628
12,overall,2in,50.8,ann_csgd,5,0.5,0.6,1322,0.5449713046089063,0.5877458396369137
12,overall,2in,50.8,ann_csgd,6,0.6,0.7,674,0.6455746595512866,0.7255192878338279
12,overall,2in,50.8,ann_csgd,7,0.7,0.8,321,0.744894859389724,0.7632398753894081
12,overall,2in,50.8,ann_csgd,8,0.8,0.9,162,0.8396162022779017,0.8827160493827161
12,overall,2in,50.8,ann_csgd,9,0.9,1.0,8,0.9253450781106949,1.0
12,overall,0.5in,12.7,gnn_csgd,0,0.0,0.1,31965747,0.005338847467333719,0.005464724475232817
12,overall,0.5in,12.7,gnn_csgd,1,0.1,0.2,934147,0.14175058721157915,0.14458859258767626
12,overall,0.5in,12.7,gnn_csgd,2,0.2,0.3,405456,0.24450234261339446,0.2546244228720256
12,overall,0.5in,12.7,gnn_csgd,3,0.3,0.4,224309,0.34544052864423724,0.36517036766246563
12,overall,0.5in,12.7,gnn_csgd,4,0.4,0.5,135747,0.44647183177443883,0.4794065430543585
12,overall,0.5in,12.7,gnn_csgd,5,0.5,0.6,92510,0.5474032621553248,0.5817533239649768
12,overall,0.5in,12.7,gnn_csgd,6,0.6,0.7,69793,0.6478454077733842,0.6773315375467454
12,overall,0.5in,12.7,gnn_csgd,7,0.7,0.8,55989,0.7484684405961928,0.7732233117219454
12,overall,0.5in,12.7,gnn_csgd,8,0.8,0.9,47993,0.8489670716531154,0.8499364490654887
12,overall,0.5in,12.7,gnn_csgd,9,0.9,1.0,55845,0.9564317888299507,0.9472826573551795
12,overall,0.5in,12.7,raw_hrrr,0,0.0,0.1,33211132,0.0,0.013156763220235913
12,overall,0.5in,12.7,raw_hrrr,9,0.9,1.0,776404,1.0,0.46509677951169753
12,overall,1in,25.4,gnn_csgd,0,0.0,0.1,33414761,0.002989518429215942,0.0030015776560544604
12,overall,1in,25.4,gnn_csgd,1,0.1,0.2,318485,0.13883802075835172,0.1449675808907798
12,overall,1in,25.4,gnn_csgd,2,0.2,0.3,107962,0.24346571680900178,0.25762768381467555
12,overall,1in,25.4,gnn_csgd,3,0.3,0.4,55012,0.34522811134715503,0.35794008579946196
12,overall,1in,25.4,gnn_csgd,4,0.4,0.5,32355,0.4458962427926863,0.4525730180806676
12,overall,1in,25.4,gnn_csgd,5,0.5,0.6,21576,0.5474586494993536,0.5562198739340007
12,overall,1in,25.4,gnn_csgd,6,0.6,0.7,14771,0.6466631196571925,0.6667795003723512
12,overall,1in,25.4,gnn_csgd,7,0.7,0.8,10198,0.7472831292301095,0.7704451853304569
12,overall,1in,25.4,gnn_csgd,8,0.8,0.9,7295,0.8479338915483685,0.8541466758053461
12,overall,1in,25.4,gnn_csgd,9,0.9,1.0,5121,0.9436363495203974,0.9470806483108768
12,overall,1in,25.4,raw_hrrr,0,0.0,0.1,33736411,0.0,0.004957996272928973
12,overall,1in,25.4,raw_hrrr,9,0.9,1.0,251125,1.0,0.3270801393728223
12,overall,2in,50.8,gnn_csgd,0,0.0,0.1,33930078,0.0007728022280335196,0.0007457984623554358
12,overall,2in,50.8,gnn_csgd,1,0.1,0.2,37353,0.13785163581848425,0.1439777260193291
12,overall,2in,50.8,gnn_csgd,2,0.2,0.3,10525,0.24145175840537508,0.2769596199524941
12,overall,2in,50.8,gnn_csgd,3,0.3,0.4,4303,0.34392899787345654,0.38624215663490585
12,overall,2in,50.8,gnn_csgd,4,0.4,0.5,2338,0.44454627549729864,0.4798973481608212
12,overall,2in,50.8,gnn_csgd,5,0.5,0.6,1439,0.5453287254115456,0.5879082696316886
12,overall,2in,50.8,gnn_csgd,6,0.6,0.7,864,0.645792825423457,0.6851851851851852
12,overall,2in,50.8,gnn_csgd,7,0.7,0.8,457,0.7416511905793288,0.8052516411378556
12,overall,2in,50.8,gnn_csgd,8,0.8,0.9,179,0.8329166543550331,0.8603351955307262
12,overall,2in,50.8,gnn_csgd,9,0.9,1.0,0,nan,nan
12,overall,2in,50.8,raw_hrrr,0,0.0,0.1,33943775,0.0,0.0008930061550313718
12,overall,2in,50.8,raw_hrrr,9,0.9,1.0,43761,1.0,0.1834967208244784
24,overall,0.5in,12.7,ann_csgd,0,0.0,0.1,21218504,0.008117465595544588,0.008289981235246368
24,overall,0.5in,12.7,ann_csgd,1,0.1,0.2,1153439,0.14377410258550438,0.14581438636980368
24,overall,0.5in,12.7,ann_csgd,2,0.2,0.3,610621,0.24531987720978307,0.25730526791577757
24,overall,0.5in,12.7,ann_csgd,3,0.3,0.4,363507,0.34630475819223844,0.36641935368507345
24,overall,0.5in,12.7,ann_csgd,4,0.4,0.5,246401,0.447053139881487,0.47651592323083103
24,overall,0.5in,12.7,ann_csgd,5,0.5,0.6,178596,0.5475079057540319,0.5886917960088692
24,overall,0.5in,12.7,ann_csgd,6,0.6,0.7,135776,0.6477944240880102,0.6885679354230497
24,overall,0.5in,12.7,ann_csgd,7,0.7,0.8,107655,0.7482848537931052,0.7808183549301008
24,overall,0.5in,12.7,ann_csgd,8,0.8,0.9,93900,0.8496867652340565,0.8679659211927583
24,overall,0.5in,12.7,ann_csgd,9,0.9,1.0,130361,0.9609009247407546,0.9585688971394819
24,overall,1in,25.4,ann_csgd,0,0.0,0.1,23083775,0.0052155264913526156,0.0053515510353051
24,overall,1in,25.4,ann_csgd,1,0.1,0.2,585270,0.14041776851896304,0.14616160062876962
24,overall,1in,25.4,ann_csgd,2,0.2,0.3,228318,0.24387801560804734,0.26763111099431497
24,overall,1in,25.4,ann_csgd,3,0.3,0.4,118614,0.3451859736709097,0.3821302713001838
24,overall,1in,25.4,ann_csgd,4,0.4,0.5,72213,0.44645629721621694,0.48182460221843715
24,overall,1in,25.4,ann_csgd,5,0.5,0.6,48007,0.5469394211711296,0.5887891349178245
24,overall,1in,25.4,ann_csgd,6,0.6,0.7,34329,0.6477589400760738,0.6902327478225407
24,overall,1in,25.4,ann_csgd,7,0.7,0.8,25757,0.7474106523326666,0.7672477384788601
24,overall,1in,25.4,ann_csgd,8,0.8,0.9,20230,0.8482201437047373,0.8557587740978745
24,overall,1in,25.4,ann_csgd,9,0.9,1.0,22247,0.9581834650947393,0.9532071740009889
24,overall,2in,50.8,ann_csgd,0,0.0,0.1,24075117,0.0018646093220687427,0.001829773039109218
24,overall,2in,50.8,ann_csgd,1,0.1,0.2,93556,0.13865200224594082,0.13938176065671898
24,overall,2in,50.8,ann_csgd,2,0.2,0.3,31084,0.2431970628501212,0.2503538798095483
24,overall,2in,50.8,ann_csgd,3,0.3,0.4,14575,0.3447944400813526,0.3681646655231561
24,overall,2in,50.8,ann_csgd,4,0.4,0.5,8485,0.446137271653784,0.4862698880377136
24,overall,2in,50.8,ann_csgd,5,0.5,0.6,5517,0.5472240408888238,0.6081203552655429
24,overall,2in,50.8,ann_csgd,6,0.6,0.7,3703,0.6468097025917376,0.67998919794761
24,overall,2in,50.8,ann_csgd,7,0.7,0.8,2711,0.7479101786618741,0.8052379195868683
24,overall,2in,50.8,ann_csgd,8,0.8,0.9,2120,0.8483402190905697,0.8816037735849057
24,overall,2in,50.8,ann_csgd,9,0.9,1.0,1892,0.9478825456118231,0.9593023255813954
24,overall,0.5in,12.7,gnn_csgd,0,0.0,0.1,21202179,0.007999885182727443,0.007858390404118369
24,overall,0.5in,12.7,gnn_csgd,1,0.1,0.2,1156519,0.1433858330775475,0.14563617199544496
24,overall,0.5in,12.7,gnn_csgd,2,0.2,0.3,600333,0.24544439586170957,0.25399569905369185
24,overall,0.5in,12.7,gnn_csgd,3,0.3,0.4,364303,0.3464353510929427,0.3631976678753675
24,overall,0.5in,12.7,gnn_csgd,4,0.4,0.5,249012,0.44729142428723145,0.4693307953030376
24,overall,0.5in,12.7,gnn_csgd,5,0.5,0.6,178778,0.54727499493971,0.5781024510845854
24,overall,0.5in,12.7,gnn_csgd,6,0.6,0.7,133768,0.6478370169331266,0.6818970157287244
24,overall,0.5in,12.7,gnn_csgd,7,0.7,0.8,108684,0.7483511490259992,0.7745666335431158
24,overall,0.5in,12.7,gnn_csgd,8,0.8,0.9,97077,0.8497999736193567,0.86278933217961
24,overall,0.5in,12.7,gnn_csgd,9,0.9,1.0,148107,0.9615639788073387,0.9570513210044089
24,overall,0.5in,12.7,raw_hrrr,0,0.0,0.1,22999992,0.0,0.025059530455488855
24,overall,0.5in,12.7,raw_hrrr,9,0.9,1.0,1238768,1.0,0.5364975524069076
24,overall,1in,25.4,gnn_csgd,0,0.0,0.1,23080260,0.005246166688812236,0.005203624222604078
24,overall,1in,25.4,gnn_csgd,1,0.1,0.2,581739,0.1405424659050463,0.14590220012754862
24,overall,1in,25.4,gnn_csgd,2,0.2,0.3,227550,0.24353306757987292,0.2639947264337508
24,overall,1in,25.4,gnn_csgd,3,0.3,0.4,115569,0.3454182215107102,0.37681385146535834
24,overall,1in,25.4,gnn_csgd,4,0.4,0.5,71159,0.44660933860902025,0.4760747059402184
24,overall,1in,25.4,gnn_csgd,5,0.5,0.6,48425,0.5471829917459188,0.5734641197728446
24,overall,1in,25.4,gnn_csgd,6,0.6,0.7,36175,0.6480873522564058,0.675798203178991
24,overall,1in,25.4,gnn_csgd,7,0.7,0.8,28768,0.7483838742373053,0.7547274749721913
24,overall,1in,25.4,gnn_csgd,8,0.8,0.9,23644,0.8483416969815278,0.8427508035865335
24,overall,1in,25.4,gnn_csgd,9,0.9,1.0,25471,0.9567185033992203,0.950649758548938
24,overall,1in,25.4,raw_hrrr,0,0.0,0.1,23769562,0.0,0.01116074414833559
24,overall,1in,25.4,raw_hrrr,9,0.9,1.0,469198,1.0,0.4161526690224596
24,overall,2in,50.8,gnn_csgd,0,0.0,0.1,24081497,0.0018479270346747712,0.0018331501567365185
24,overall,2in,50.8,gnn_csgd,1,0.1,0.2,85788,0.13867256500611325,0.1413367836993519
24,overall,2in,50.8,gnn_csgd,2,0.2,0.3,29082,0.24360878731099572,0.24819475964514132
24,overall,2in,50.8,gnn_csgd,3,0.3,0.4,15222,0.34564610205433116,0.35080804099329915
24,overall,2in,50.8,gnn_csgd,4,0.4,0.5,9460,0.44623671066937437,0.4578224101479915
24,overall,2in,50.8,gnn_csgd,5,0.5,0.6,6331,0.5467772444001383,0.5852156057494866
24,overall,2in,50.8,gnn_csgd,6,0.6,0.7,4409,0.647421479576649,0.7080970741664777
24,overall,2in,50.8,gnn_csgd,7,0.7,0.8,3022,0.7470114568579994,0.828590337524818
24,overall,2in,50.8,gnn_csgd,8,0.8,0.9,2152,0.8474670021230404,0.8787174721189591
24,overall,2in,50.8,gnn_csgd,9,0.9,1.0,1797,0.9480063311577374,0.9599332220367279
24,overall,2in,50.8,raw_hrrr,0,0.0,0.1,24140793,0.0,0.0024460256960075837
24,overall,2in,50.8,raw_hrrr,9,0.9,1.0,97967,1.0,0.2761848377514877
