duration_hours,threshold_mm,model,n_samples,n_events,cutoff,cutoff_label,true_positive,false_positive,false_negative,true_negative,hit_rate,false_positive_rate,area_under_displayed_curve,published_auc
6,12.7,raw_hrrr,38888560,392100,,No positive forecasts,0,0,392100,38496460,0.0,0.0,0.666780035950968,0.666780035950968
6,12.7,raw_hrrr,38888560,392100,1.0,1,133245,241140,258855,38255320,0.3398240244835501,0.006263952581613998,0.666780035950968,0.666780035950968
6,12.7,raw_hrrr,38888560,392100,0.0,0,392100,38496460,0,0,1.0,1.0,0.666780035950968,0.666780035950968
6,12.7,ann_csgd,38888560,392100,,No positive forecasts,0,0,392100,38496460,0.0,0.0,0.802859373470894,0.9586261145862163
6,12.7,ann_csgd,38888560,392100,0.9,0.9,11847,992,380253,38495468,0.030214231063504206,2.576860313909383e-05,0.802859373470894,0.9586261145862163
6,12.7,ann_csgd,38888560,392100,0.8,0.8,22622,3296,369478,38493164,0.05769446569752614,8.561826204279562e-05,0.802859373470894,0.9586261145862163
6,12.7,ann_csgd,38888560,392100,0.7,0.7,35062,7781,357038,38488679,0.08942106605457792,0.00020212248087226722,0.802859373470894,0.9586261145862163
6,12.7,ann_csgd,38888560,392100,0.6,0.6,50214,16144,341886,38480316,0.12806426931905127,0.00041936323495718827,0.802859373470894,0.9586261145862163
6,12.7,ann_csgd,38888560,392100,0.5,0.5,68663,30854,323437,38465606,0.17511604182606477,0.0008014762915862913,0.802859373470894,0.9586261145862163
6,12.7,ann_csgd,38888560,392100,0.4,0.4,91474,57520,300626,38438940,0.23329252741647538,0.0014941633594361663,0.802859373470894,0.9586261145862163
6,12.7,ann_csgd,38888560,392100,0.3,0.3,121407,110639,270693,38385821,0.3096327467482785,0.0028740045188570588,0.802859373470894,0.9586261145862163
6,12.7,ann_csgd,38888560,392100,0.2,0.2,165030,237128,227070,38259332,0.4208875286916603,0.006159735206821614,0.802859373470894,0.9586261145862163
6,12.7,ann_csgd,38888560,392100,0.1,0.1,242647,687019,149453,37809441,0.6188395817393522,0.017846290282275305,0.802859373470894,0.9586261145862163
6,12.7,ann_csgd,38888560,392100,0.0,0,392100,38496460,0,0,1.0,1.0,0.802859373470894,0.9586261145862163
6,12.7,gnn_csgd,38888560,392100,,No positive forecasts,0,0,392100,38496460,0.0,0.0,0.8136053613497508,0.9644689850355677
6,12.7,gnn_csgd,38888560,392100,0.9,0.9,9477,634,382623,38495826,0.024169854628921194,1.6469046764299885e-05,0.8136053613497508,0.9644689850355677
6,12.7,gnn_csgd,38888560,392100,0.8,0.8,20353,2590,371747,38493870,0.051907676613108904,6.727891343775506e-05,0.8136053613497508,0.9644689850355677
6,12.7,gnn_csgd,38888560,392100,0.7,0.7,33529,6625,358571,38489835,0.08551134914562612,0.00017209374576259738,0.8136053613497508,0.9644689850355677
6,12.7,gnn_csgd,38888560,392100,0.6,0.6,49204,14736,342896,38481724,0.12548839581739352,0.00038278844340492607,0.8136053613497508,0.9644689850355677
6,12.7,gnn_csgd,38888560,392100,0.5,0.5,68622,29388,323478,38467072,0.1750114766641163,0.0007633948679956547,0.8136053613497508,0.9644689850355677
6,12.7,gnn_csgd,38888560,392100,0.4,0.4,92638,56489,299462,38439971,0.23626115786789084,0.001467381676133338,0.8136053613497508,0.9644689850355677
6,12.7,gnn_csgd,38888560,392100,0.3,0.3,124244,111988,267856,38384472,0.31686814588115275,0.0029090467019564914,0.8136053613497508,0.9644689850355677
6,12.7,gnn_csgd,38888560,392100,0.2,0.2,170865,247677,221235,38248783,0.4357689364957919,0.006433760402904579,0.8136053613497508,0.9644689850355677
6,12.7,gnn_csgd,38888560,392100,0.1,0.1,251306,730220,140794,37766240,0.640923233868911,0.01896849736313417,0.8136053613497508,0.9644689850355677
6,12.7,gnn_csgd,38888560,392100,0.0,0,392100,38496460,0,0,1.0,1.0,0.8136053613497508,0.9644689850355677
6,25.4,raw_hrrr,38888560,103842,,No positive forecasts,0,0,103842,38784718,0.0,0.0,0.6080528456424312,0.6080528456424312
6,25.4,raw_hrrr,38888560,103842,1.0,1,22662,82600,81180,38702118,0.21823539608250997,0.002129704797647362,0.6080528456424312,0.6080528456424312
6,25.4,raw_hrrr,38888560,103842,0.0,0,103842,38784718,0,0,1.0,1.0,0.6080528456424312,0.6080528456424312
6,25.4,ann_csgd,38888560,103842,,No positive forecasts,0,0,103842,38784718,0.0,0.0,0.69383901982235,0.9607231369832977
6,25.4,ann_csgd,38888560,103842,0.9,0.9,405,41,103437,38784677,0.0039001560062402497,1.0571173935053493e-06,0.69383901982235,0.9607231369832977
6,25.4,ann_csgd,38888560,103842,0.8,0.8,1429,250,102413,38784468,0.013761291192388437,6.44583776527652e-06,0.69383901982235,0.9607231369832977
6,25.4,ann_csgd,38888560,103842,0.7,0.7,2745,831,101097,38783887,0.026434390708961693,2.1425964731779152e-05,0.69383901982235,0.9607231369832977
6,25.4,ann_csgd,38888560,103842,0.6,0.6,4761,2062,99081,38782656,0.045848500606690934,5.316526988800073e-05,0.69383901982235,0.9607231369832977
6,25.4,ann_csgd,38888560,103842,0.5,0.5,7425,4558,96417,38780160,0.07150286011440457,0.0001175205141365215,0.69383901982235,0.9607231369832977
6,25.4,ann_csgd,38888560,103842,0.4,0.4,11134,9534,92708,38775184,0.10722058511970109,0.00024581846901658536,0.69383901982235,0.9607231369832977
6,25.4,ann_csgd,38888560,103842,0.3,0.3,16532,20354,87310,38764364,0.15920340517324397,0.0005247943274977531,0.69383901982235,0.9607231369832977
6,25.4,ann_csgd,38888560,103842,0.2,0.2,24974,47170,78868,38737548,0.24049999036998518,0.0012162006695523738,0.69383901982235,0.9607231369832977
6,25.4,ann_csgd,38888560,103842,0.1,0.1,40597,147472,63245,38637246,0.3909497120625566,0.0038023223476834353,0.69383901982235,0.9607231369832977
6,25.4,ann_csgd,38888560,103842,0.0,0,103842,38784718,0,0,1.0,1.0,0.69383901982235,0.9607231369832977
6,25.4,gnn_csgd,38888560,103842,,No positive forecasts,0,0,103842,38784718,0.0,0.0,0.6943120308832937,0.9658420299009056
6,25.4,gnn_csgd,38888560,103842,0.9,0.9,83,1,103759,38784717,0.0007992912309084956,2.5783351061106078e-08,0.6943120308832937,0.9658420299009056
6,25.4,gnn_csgd,38888560,103842,0.8,0.8,688,114,103154,38784604,0.006625450203193313,2.939302020966093e-06,0.6943120308832937,0.9658420299009056
6,25.4,gnn_csgd,38888560,103842,0.7,0.7,1906,418,101936,38784300,0.018354808266404732,1.077744074354234e-05,0.6943120308832937,0.9658420299009056
6,25.4,gnn_csgd,38888560,103842,0.6,0.6,3529,1234,100313,38783484,0.033984322335856396,3.18166552094049e-05,0.6943120308832937,0.9658420299009056
6,25.4,gnn_csgd,38888560,103842,0.5,0.5,6114,3209,97728,38781509,0.058877910671982434,8.27387735550894e-05,0.6943120308832937,0.9658420299009056
6,25.4,gnn_csgd,38888560,103842,0.4,0.4,10122,7706,93720,38777012,0.09747501011151558,0.00019868650327688344,0.6943120308832937,0.9658420299009056
6,25.4,gnn_csgd,38888560,103842,0.3,0.3,15904,18183,87938,38766535,0.15315575585986402,0.00046881867234409183,0.6943120308832937,0.9658420299009056
6,25.4,gnn_csgd,38888560,103842,0.2,0.2,24693,44195,79149,38740523,0.23779395620269256,0.0011394952001455832,0.6943120308832937,0.9658420299009056
6,25.4,gnn_csgd,38888560,103842,0.1,0.1,40683,141995,63159,38642723,0.39177789333795576,0.0036611069339217575,0.6943120308832937,0.9658420299009056
6,25.4,gnn_csgd,38888560,103842,0.0,0,103842,38784718,0,0,1.0,1.0,0.6943120308832937,0.9658420299009056
6,50.8,raw_hrrr,38888560,13030,,No positive forecasts,0,0,13030,38875530,0.0,0.0,0.5493151987408114,0.5493151987408114
6,50.8,raw_hrrr,38888560,13030,1.0,1,1290,14458,11740,38861072,0.09900230237912509,0.00037190489750236203,0.5493151987408114,0.5493151987408114
6,50.8,raw_hrrr,38888560,13030,0.0,0,13030,38875530,0,0,1.0,1.0,0.5493151987408114,0.5493151987408114
6,50.8,ann_csgd,38888560,13030,,No positive forecasts,0,0,13030,38875530,0.0,0.0,0.5732447176242894,0.9537414326178578
6,50.8,ann_csgd,38888560,13030,0.9,0.9,0,0,13030,38875530,0.0,0.0,0.5732447176242894,0.9537414326178578
6,50.8,ann_csgd,38888560,13030,0.8,0.8,0,0,13030,38875530,0.0,0.0,0.5732447176242894,0.9537414326178578
6,50.8,ann_csgd,38888560,13030,0.7,0.7,8,3,13022,38875527,0.0006139677666922486,7.716936592247102e-08,0.5732447176242894,0.9537414326178578
6,50.8,ann_csgd,38888560,13030,0.6,0.6,45,25,12985,38875505,0.0034535686876438986,6.430780493539252e-07,0.5732447176242894,0.9537414326178578
6,50.8,ann_csgd,38888560,13030,0.5,0.5,108,87,12922,38875443,0.008288564850345357,2.2379116117516597e-06,0.5732447176242894,0.9537414326178578
6,50.8,ann_csgd,38888560,13030,0.4,0.4,211,242,12819,38875288,0.01619339984650806,6.224995517745996e-06,0.5732447176242894,0.9537414326178578
6,50.8,ann_csgd,38888560,13030,0.3,0.3,456,665,12574,38874865,0.034996162701458174,1.710587611281441e-05,0.5732447176242894,0.9537414326178578
6,50.8,ann_csgd,38888560,13030,0.2,0.2,901,2250,12129,38873280,0.0691481197237145,5.787702444185327e-05,0.5732447176242894,0.9537414326178578
6,50.8,ann_csgd,38888560,13030,0.1,0.1,1912,10077,11118,38865453,0.14673829623944742,0.00025921190013358016,0.5732447176242894,0.9537414326178578
6,50.8,ann_csgd,38888560,13030,0.0,0,13030,38875530,0,0,1.0,1.0,0.5732447176242894,0.9537414326178578
6,50.8,gnn_csgd,38888560,13030,,No positive forecasts,0,0,13030,38875530,0.0,0.0,0.5699244642951429,0.9588803484586923
6,50.8,gnn_csgd,38888560,13030,0.9,0.9,0,0,13030,38875530,0.0,0.0,0.5699244642951429,0.9588803484586923
6,50.8,gnn_csgd,38888560,13030,0.8,0.8,0,0,13030,38875530,0.0,0.0,0.5699244642951429,0.9588803484586923
6,50.8,gnn_csgd,38888560,13030,0.7,0.7,0,0,13030,38875530,0.0,0.0,0.5699244642951429,0.9588803484586923
6,50.8,gnn_csgd,38888560,13030,0.6,0.6,0,0,13030,38875530,0.0,0.0,0.5699244642951429,0.9588803484586923
6,50.8,gnn_csgd,38888560,13030,0.5,0.5,40,20,12990,38875510,0.0030698388334612432,5.144624394831402e-07,0.5699244642951429,0.9588803484586923
6,50.8,gnn_csgd,38888560,13030,0.4,0.4,151,152,12879,38875378,0.011588641596316193,3.909914540071865e-06,0.5699244642951429,0.9588803484586923
6,50.8,gnn_csgd,38888560,13030,0.3,0.3,358,507,12672,38875023,0.027475057559478128,1.3041622840897604e-05,0.5699244642951429,0.9588803484586923
6,50.8,gnn_csgd,38888560,13030,0.2,0.2,769,1706,12261,38873824,0.059017651573292404,4.3883646087911856e-05,0.5699244642951429,0.9588803484586923
6,50.8,gnn_csgd,38888560,13030,0.1,0.1,1825,8544,11205,38866986,0.14006139677666923,0.00021977835414719747,0.5699244642951429,0.9588803484586923
6,50.8,gnn_csgd,38888560,13030,0.0,0,13030,38875530,0,0,1.0,1.0,0.5699244642951429,0.9588803484586923
12,12.7,raw_hrrr,33987536,798054,,No positive forecasts,0,0,798054,33189482,0.0,0.0,0.71998318783595,0.7199831878359501
12,12.7,raw_hrrr,33987536,798054,1.0,1,361103,415301,436951,32774181,0.45247940615547316,0.012513030483573079,0.71998318783595,0.7199831878359501
12,12.7,raw_hrrr,33987536,798054,0.0,0,798054,33189482,0,0,1.0,1.0,0.71998318783595,0.7199831878359501
12,12.7,ann_csgd,33987536,798054,,No positive forecasts,0,0,798054,33189482,0.0,0.0,0.8744109730074276,0.9628490924318236
12,12.7,ann_csgd,33987536,798054,0.9,0.9,46787,2486,751267,33186996,0.05862635861733667,7.490324796271301e-05,0.8744109730074276,0.9628490924318236
12,12.7,ann_csgd,33987536,798054,0.8,0.8,85596,8863,712458,33180619,0.10725589997669331,0.0002670424322982805,0.8744109730074276,0.9628490924318236
12,12.7,ann_csgd,33987536,798054,0.7,0.7,128784,21849,669270,33167633,0.1613725387003887,0.0006583109673118731,0.8744109730074276,0.9628490924318236
12,12.7,ann_csgd,33987536,798054,0.6,0.6,177327,44792,620727,33144690,0.22219924967483404,0.001349584184531714,0.8744109730074276,0.9628490924318236
12,12.7,ann_csgd,33987536,798054,0.5,0.5,233376,84741,564678,33104741,0.2924313392326835,0.002553248646664627,0.8744109730074276,0.9628490924318236
12,12.7,ann_csgd,33987536,798054,0.4,0.4,300283,158089,497771,33031393,0.3762690244018575,0.00476322589186538,0.8744109730074276,0.9628490924318236
12,12.7,ann_csgd,33987536,798054,0.3,0.3,380789,299971,417265,32889511,0.47714690985823016,0.009038134430660894,0.8744109730074276,0.9628490924318236
12,12.7,ann_csgd,33987536,798054,0.2,0.2,483302,600810,314752,32588672,0.6056006235167044,0.01810242172505133,0.8744109730074276,0.9628490924318236
12,12.7,ann_csgd,33987536,798054,0.1,0.1,618144,1407378,179910,31782104,0.7745641272395101,0.042404337615151694,0.8744109730074276,0.9628490924318236
12,12.7,ann_csgd,33987536,798054,0.0,0,798054,33189482,0,0,1.0,1.0,0.8744109730074276,0.9628490924318236
12,12.7,gnn_csgd,33987536,798054,,No positive forecasts,0,0,798054,33189482,0.0,0.0,0.8778798715620091,0.9669270785791098
12,12.7,gnn_csgd,33987536,798054,0.9,0.9,52901,2944,745153,33186538,0.06628749432995762,8.8702800483599e-05,0.8778798715620091,0.9669270785791098
12,12.7,gnn_csgd,33987536,798054,0.8,0.8,93692,10146,704362,33179336,0.11740057690331732,0.00030569925737316416,0.8778798715620091,0.9669270785791098
12,12.7,gnn_csgd,33987536,798054,0.7,0.7,136984,22843,661070,33166639,0.1716475326231057,0.000688260214486023,0.8778798715620091,0.9669270785791098
12,12.7,gnn_csgd,33987536,798054,0.6,0.6,184257,45363,613797,33144119,0.23088287258756926,0.0013667884301418142,0.8778798715620091,0.9669270785791098
12,12.7,gnn_csgd,33987536,798054,0.5,0.5,238075,84055,559979,33105427,0.2983194119696161,0.002532579447910636,0.8778798715620091,0.9669270785791098
12,12.7,gnn_csgd,33987536,798054,0.4,0.4,303153,154724,494901,33034758,0.3798652722748085,0.004661838349872409,0.8778798715620091,0.9669270785791098
12,12.7,gnn_csgd,33987536,798054,0.3,0.3,385064,297122,412990,32892360,0.4825036902264759,0.008952293982774423,0.8778798715620091,0.9669270785791098
12,12.7,gnn_csgd,33987536,798054,0.2,0.2,488303,599339,309751,32590143,0.6118671167615224,0.018058100454836867,0.8778798715620091,0.9669270785791098
12,12.7,gnn_csgd,33987536,798054,0.1,0.1,623370,1398419,174684,31791063,0.7811125562931832,0.042134402700228946,0.8778798715620091,0.9669270785791098
12,12.7,gnn_csgd,33987536,798054,0.0,0,798054,33189482,0,0,1.0,1.0,0.8778798715620091,0.9669270785791098
12,25.4,raw_hrrr,33987536,249403,,No positive forecasts,0,0,249403,33738133,0.0,0.0,0.6621648384291979,0.6621648384291979
12,25.4,raw_hrrr,33987536,249403,1.0,1,82138,168987,167265,33569146,0.3293384602430604,0.005008783384664469,0.6621648384291979,0.6621648384291979
12,25.4,raw_hrrr,33987536,249403,0.0,0,249403,33738133,0,0,1.0,1.0,0.6621648384291979,0.6621648384291979
12,25.4,ann_csgd,33987536,249403,,No positive forecasts,0,0,249403,33738133,0.0,0.0,0.7936350536856133,0.9688240188728391
12,25.4,ann_csgd,33987536,249403,0.9,0.9,4606,246,244797,33737887,0.018468101827163266,7.291452671669769e-06,0.7936350536856133,0.9688240188728391
12,25.4,ann_csgd,33987536,249403,0.8,0.8,10010,1166,239393,33736967,0.040135844396418645,3.456030006165427e-05,0.7936350536856133,0.9688240188728391
12,25.4,ann_csgd,33987536,249403,0.7,0.7,17104,3239,232299,33734894,0.06857976848714731,9.600412684365195e-05,0.7936350536856133,0.9688240188728391
12,25.4,ann_csgd,33987536,249403,0.6,0.6,26509,7568,222894,33730565,0.10628982009037581,0.00022431590983413338,0.7936350536856133,0.9688240188728391
12,25.4,ann_csgd,33987536,249403,0.5,0.5,38180,16351,211223,33721782,0.1530855683371892,0.0004846444822539528,0.7936350536856133,0.9688240188728391
12,25.4,ann_csgd,33987536,249403,0.4,0.4,53257,34012,196146,33704121,0.21353792857343337,0.0010081174319871227,0.7936350536856133,0.9688240188728391
12,25.4,ann_csgd,33987536,249403,0.3,0.3,73102,69713,176301,33668420,0.29310794176493465,0.002066296910976076,0.7936350536856133,0.9688240188728391
12,25.4,ann_csgd,33987536,249403,0.2,0.2,102008,155629,147395,33582504,0.4090087128061812,0.004612851576582498,0.7936350536856133,0.9688240188728391
12,25.4,ann_csgd,33987536,249403,0.1,0.1,148900,441245,100503,33296888,0.5970256973653083,0.013078524528906208,0.7936350536856133,0.9688240188728391
12,25.4,ann_csgd,33987536,249403,0.0,0,249403,33738133,0,0,1.0,1.0,0.7936350536856133,0.9688240188728391
12,25.4,gnn_csgd,33987536,249403,,No positive forecasts,0,0,249403,33738133,0.0,0.0,0.7942537808903263,0.972236066682576
12,25.4,gnn_csgd,33987536,249403,0.9,0.9,4850,271,244553,33737862,0.019446438094168874,8.032453959441087e-06,0.7942537808903263,0.972236066682576
12,25.4,gnn_csgd,33987536,249403,0.8,0.8,11081,1335,238322,33736798,0.04443009907659491,3.956946876698838e-05,0.7942537808903263,0.972236066682576
12,25.4,gnn_csgd,33987536,249403,0.7,0.7,18938,3676,230465,33734457,0.07593332878914849,0.00010895682935389459,0.7942537808903263,0.972236066682576
12,25.4,gnn_csgd,33987536,249403,0.6,0.6,28787,8598,220616,33729535,0.11542363163233803,0.00025484516289031166,0.7942537808903263,0.972236066682576
12,25.4,gnn_csgd,33987536,249403,0.5,0.5,40788,18173,208615,33719960,0.16354253958452786,0.0005386486561067264,0.7942537808903263,0.972236066682576
12,25.4,gnn_csgd,33987536,249403,0.4,0.4,55431,35885,193972,33702248,0.22225474432945874,0.00106363324846695,0.7942537808903263,0.972236066682576
12,25.4,gnn_csgd,33987536,249403,0.3,0.3,75122,71206,174281,33666927,0.3012072829917844,0.002110549507881779,0.7942537808903263,0.972236066682576
12,25.4,gnn_csgd,33987536,249403,0.2,0.2,102936,151354,146467,33586779,0.4127295982806943,0.004486140356373603,0.7942537808903263,0.972236066682576
12,25.4,gnn_csgd,33987536,249403,0.1,0.1,149106,423669,100297,33314464,0.5978516697874524,0.012557570983551461,0.7942537808903263,0.972236066682576
12,25.4,gnn_csgd,33987536,249403,0.0,0,249403,33738133,0,0,1.0,1.0,0.7942537808903263,0.972236066682576
12,50.8,raw_hrrr,33987536,38342,,No positive forecasts,0,0,38342,33949194,0.0,0.0,0.604189213393076,0.6041892133930759
12,50.8,raw_hrrr,33987536,38342,1.0,1,8030,35731,30312,33913463,0.2094309112722341,0.00105248448608235,0.604189213393076,0.6041892133930759
12,50.8,raw_hrrr,33987536,38342,0.0,0,38342,33949194,0,0,1.0,1.0,0.604189213393076,0.6041892133930759
12,50.8,ann_csgd,33987536,38342,,No positive forecasts,0,0,38342,33949194,0.0,0.0,0.6683182734851871,0.9707951127080725
12,50.8,ann_csgd,33987536,38342,0.9,0.9,8,0,38334,33949194,0.00020864847947420583,0.0,0.6683182734851871,0.9707951127080725
12,50.8,ann_csgd,33987536,38342,0.8,0.8,151,19,38191,33949175,0.0039382400500756354,5.596598257973371e-07,0.6683182734851871,0.9707951127080725
12,50.8,ann_csgd,33987536,38342,0.7,0.7,396,95,37946,33949099,0.010328099733973188,2.798299128986685e-06,0.6683182734851871,0.9707951127080725
12,50.8,ann_csgd,33987536,38342,0.6,0.6,885,280,37457,33948914,0.02308173804183402,8.247618485434441e-06,0.6683182734851871,0.9707951127080725
12,50.8,ann_csgd,33987536,38342,0.5,0.5,1662,825,36680,33948369,0.04334672161076626,2.4301018751726476e-05,0.6683182734851871,0.9707951127080725
12,50.8,ann_csgd,33987536,38342,0.4,0.4,2806,1933,35536,33947261,0.0731834541755777,5.6938023329802767e-05,0.6683182734851871,0.9707951127080725
12,50.8,ann_csgd,33987536,38342,0.3,0.3,4506,4640,33836,33944554,0.11752125606384643,0.00013667482061577074,0.6683182734851871,0.9707951127080725
12,50.8,ann_csgd,33987536,38342,0.2,0.2,7434,12212,30908,33936982,0.19388659955140577,0.0003597139890861621,0.6683182734851871,0.9707951127080725
12,50.8,ann_csgd,33987536,38342,0.1,0.1,12953,45901,25389,33903293,0.33782796932867354,0.001352049771785451,0.6683182734851871,0.9707951127080725
12,50.8,ann_csgd,33987536,38342,0.0,0,38342,33949194,0,0,1.0,1.0,0.6683182734851871,0.9707951127080725
12,50.8,gnn_csgd,33987536,38342,,No positive forecasts,0,0,38342,33949194,0.0,0.0,0.66943435011391,0.9731214794733265
12,50.8,gnn_csgd,33987536,38342,0.9,0.9,0,0,38342,33949194,0.0,0.0,0.66943435011391,0.9731214794733265
12,50.8,gnn_csgd,33987536,38342,0.8,0.8,154,25,38188,33949169,0.004016483229878462,7.363945076280751e-07,0.66943435011391,0.9731214794733265
12,50.8,gnn_csgd,33987536,38342,0.7,0.7,522,114,37820,33949080,0.013614313285691931,3.3579589547840224e-06,0.66943435011391,0.9731214794733265
12,50.8,gnn_csgd,33987536,38342,0.6,0.6,1114,386,37228,33948808,0.029054300766783163,1.136993119777748e-05,0.66943435011391,0.9731214794733265
12,50.8,gnn_csgd,33987536,38342,0.5,0.5,1960,979,36382,33948215,0.05111887747118043,2.883720891871542e-05,0.66943435011391,0.9731214794733265
12,50.8,gnn_csgd,33987536,38342,0.4,0.4,3082,2195,35260,33946999,0.0803818267174378,6.465543776974498e-05,0.66943435011391,0.9731214794733265
12,50.8,gnn_csgd,33987536,38342,0.3,0.3,4744,4836,33598,33944358,0.12372854832820405,0.00014244815355557485,0.66943435011391,0.9731214794733265
12,50.8,gnn_csgd,33987536,38342,0.2,0.2,7659,12446,30683,33936748,0.1997548380366178,0.00036660664167756087,0.66943435011391,0.9731214794733265
12,50.8,gnn_csgd,33987536,38342,0.1,0.1,13037,44421,25305,33904773,0.3400187783631527,0.001308455216933869,0.66943435011391,0.9731214794733265
12,50.8,gnn_csgd,33987536,38342,0.0,0,38342,33949194,0,0,1.0,1.0,0.66943435011391,0.9731214794733265
24,12.7,raw_hrrr,24238760,1240965,,No positive forecasts,0,0,1240965,22997795,0.0,0.0,0.7552906727703096,0.7552906727703095
24,12.7,raw_hrrr,24238760,1240965,1.0,1,664596,574172,576369,22423623,0.5355477390579105,0.02496639351729155,0.7552906727703096,0.7552906727703095
24,12.7,raw_hrrr,24238760,1240965,0.0,0,1240965,22997795,0,0,1.0,1.0,0.7552906727703096,0.7552906727703095
24,12.7,ann_csgd,24238760,1240965,,No positive forecasts,0,0,1240965,22997795,0.0,0.0,0.9068262198756923,0.9591989746857467
24,12.7,ann_csgd,24238760,1240965,0.9,0.9,124960,5401,1116005,22992394,0.10069582945530293,0.00023484860178986725,0.9068262198756923,0.9591989746857467
24,12.7,ann_csgd,24238760,1240965,0.8,0.8,206462,17799,1034503,22979996,0.1663721378121059,0.0007739437628694403,0.9068262198756923,0.9591989746857467
24,12.7,ann_csgd,24238760,1240965,0.7,0.7,290521,41395,950444,22956400,0.234108939414085,0.001799955169615174,0.9068262198756923,0.9591989746857467
24,12.7,ann_csgd,24238760,1240965,0.6,0.6,384012,83680,856953,22914115,0.3094462776951808,0.0036386097014952956,0.9068262198756923,0.9591989746857467
24,12.7,ann_csgd,24238760,1240965,0.5,0.5,489150,157138,751815,22840657,0.3941690539217464,0.00683274200852734,0.9068262198756923,0.9591989746857467
24,12.7,ann_csgd,24238760,1240965,0.4,0.4,606564,286125,634401,22711670,0.4887841317039562,0.012441410143885534,0.9068262198756923,0.9591989746857467
24,12.7,ann_csgd,24238760,1240965,0.3,0.3,739760,516436,501205,22481359,0.596116731736995,0.022455891967034233,0.9068262198756923,0.9591989746857467
24,12.7,ann_csgd,24238760,1240965,0.2,0.2,896876,969941,344089,22027854,0.7227246537976494,0.04217539116250058,0.9068262198756923,0.9591989746857467
24,12.7,ann_csgd,24238760,1240965,0.1,0.1,1065064,1955192,175901,21042603,0.8582546647165714,0.08501649832081727,0.9068262198756923,0.9591989746857467
24,12.7,ann_csgd,24238760,1240965,0.0,0,1240965,22997795,0,0,1.0,1.0,0.9068262198756923,0.9591989746857467
24,12.7,gnn_csgd,24238760,1240965,,No positive forecasts,0,0,1240965,22997795,0.0,0.0,0.9108229861317114,0.9617958988372989
24,12.7,gnn_csgd,24238760,1240965,0.9,0.9,141746,6361,1099219,22991434,0.11422239950361211,0.00027659173412059723,0.9108229861317114,0.9617958988372989
24,12.7,gnn_csgd,24238760,1240965,0.8,0.8,225503,19681,1015462,22978114,0.18171584210674757,0.0008557776952094755,0.9108229861317114,0.9617958988372989
24,12.7,gnn_csgd,24238760,1240965,0.7,0.7,309686,44182,931279,22953613,0.24955256594666247,0.0019211407006628244,0.9108229861317114,0.9617958988372989
24,12.7,gnn_csgd,24238760,1240965,0.6,0.6,400902,86734,840063,22911061,0.3230566534914361,0.0037714050412224302,0.9108229861317114,0.9617958988372989
24,12.7,gnn_csgd,24238760,1240965,0.5,0.5,504254,162160,736711,22835635,0.4063402271619264,0.00705111076953247,0.9108229861317114,0.9617958988372989
24,12.7,gnn_csgd,24238760,1240965,0.4,0.4,621123,294303,619842,22703492,0.5005161305919184,0.012797009452427939,0.9108229861317114,0.9617958988372989
24,12.7,gnn_csgd,24238760,1240965,0.3,0.3,753437,526292,487528,22471503,0.6071379934164138,0.02288445479229639,0.9108229861317114,0.9617958988372989
24,12.7,gnn_csgd,24238760,1240965,0.2,0.2,905919,974143,335046,22023652,0.7300117247464675,0.042358104331306545,0.9108229861317114,0.9617958988372989
24,12.7,gnn_csgd,24238760,1240965,0.1,0.1,1074350,1962231,166615,21035564,0.8657375510187636,0.08532257114214645,0.9108229861317114,0.9617958988372989
24,12.7,gnn_csgd,24238760,1240965,0.0,0,1240965,22997795,0,0,1.0,1.0,0.9108229861317114,0.9617958988372989
24,25.4,raw_hrrr,24238760,460544,,No positive forecasts,0,0,460544,23778216,0.0,0.0,0.7062259453289349,0.7062259453289348
24,25.4,raw_hrrr,24238760,460544,1.0,1,195258,273940,265286,23504276,0.42397251945525294,0.011520628797383286,0.7062259453289349,0.7062259453289348
24,25.4,raw_hrrr,24238760,460544,0.0,0,460544,23778216,0,0,1.0,1.0,0.7062259453289349,0.7062259453289348
24,25.4,ann_csgd,24238760,460544,,No positive forecasts,0,0,460544,23778216,0.0,0.0,0.8547314931829514,0.9666021721175413
24,25.4,ann_csgd,24238760,460544,0.9,0.9,21206,1041,439338,23777175,0.04604554613674264,4.3779566978447836e-05,0.8547314931829514,0.9666021721175413
24,25.4,ann_csgd,24238760,460544,0.8,0.8,38518,3959,422026,23774257,0.0836358740967204,0.00016649693147711335,0.8547314931829514,0.9666021721175413
24,25.4,ann_csgd,24238760,460544,0.7,0.7,58280,9954,402264,23768262,0.12654599777654252,0.0004186184531253312,0.8547314931829514,0.9666021721175413
24,25.4,ann_csgd,24238760,460544,0.6,0.6,81975,20588,378569,23757628,0.17799602209560866,0.0008658345100406187,0.8547314931829514,0.9666021721175413
24,25.4,ann_csgd,24238760,460544,0.5,0.5,110241,40329,350303,23737887,0.23937126528627015,0.0016960481812428652,0.8547314931829514,0.9666021721175413
24,25.4,ann_csgd,24238760,460544,0.4,0.4,145035,77748,315509,23700468,0.31492104988882713,0.003269715440384594,0.8547314931829514,0.9666021721175413
24,25.4,ann_csgd,24238760,460544,0.3,0.3,190361,151036,270183,23627180,0.41333944205113954,0.006351864244146827,0.8547314931829514,0.9666021721175413
24,25.4,ann_csgd,24238760,460544,0.2,0.2,251466,318249,209078,23459967,0.5460194899944414,0.013384057071396777,0.8547314931829514,0.9666021721175413
24,25.4,ann_csgd,24238760,460544,0.1,0.1,337010,817975,123534,22960241,0.7317650430794886,0.03440018376483753,0.8547314931829514,0.9666021721175413
24,25.4,ann_csgd,24238760,460544,0.0,0,460544,23778216,0,0,1.0,1.0,0.8547314931829514,0.9666021721175413
24,25.4,gnn_csgd,24238760,460544,,No positive forecasts,0,0,460544,23778216,0.0,0.0,0.8585927186160471,0.9690367048752809
24,25.4,gnn_csgd,24238760,460544,0.9,0.9,24214,1257,436330,23776959,0.05257695247359644,5.286351171172808e-05,0.8585927186160471,0.9690367048752809
24,25.4,gnn_csgd,24238760,460544,0.8,0.8,44140,4975,416404,23773241,0.09584317676486938,0.00020922511596328336,0.8585927186160471,0.9690367048752809
24,25.4,gnn_csgd,24238760,460544,0.7,0.7,65852,12031,394692,23766185,0.14298742356864924,0.0005059673105837713,0.8585927186160471,0.9690367048752809
24,25.4,gnn_csgd,24238760,460544,0.6,0.6,90299,23759,370245,23754457,0.19607029947192886,0.0009991918653611356,0.8585927186160471,0.9690367048752809
24,25.4,gnn_csgd,24238760,460544,0.5,0.5,118069,44414,342475,23733802,0.25636855544747084,0.001867844080481059,0.8585927186160471,0.9690367048752809
24,25.4,gnn_csgd,24238760,460544,0.4,0.4,151946,81696,308598,23696520,0.3299272165091718,0.0034357497635651053,0.8585927186160471,0.9690367048752809
24,25.4,gnn_csgd,24238760,460544,0.3,0.3,195494,153717,265050,23624499,0.4244849569205114,0.0064646145026187,0.8585927186160471,0.9690367048752809
24,25.4,gnn_csgd,24238760,460544,0.2,0.2,255566,321195,204978,23457021,0.5549220052807116,0.013507951984286795,0.8585927186160471,0.9690367048752809
24,25.4,gnn_csgd,24238760,460544,0.1,0.1,340443,818057,120101,22960159,0.739219271122846,0.0344036322994122,0.8585927186160471,0.9690367048752809
24,25.4,gnn_csgd,24238760,460544,0.0,0,460544,23778216,0,0,1.0,1.0,0.8585927186160471,0.9690367048752809
24,50.8,raw_hrrr,24238760,86106,,No positive forecasts,0,0,86106,24152654,0.0,0.0,0.6556465321763622,0.6556465321763622
24,50.8,raw_hrrr,24238760,86106,1.0,1,27057,70910,59049,24081744,0.3142289735906905,0.0029359092379661464,0.6556465321763622,0.6556465321763622
24,50.8,raw_hrrr,24238760,86106,0.0,0,86106,24152654,0,0,1.0,1.0,0.6556465321763622,0.6556465321763622
24,50.8,ann_csgd,24238760,86106,,No positive forecasts,0,0,86106,24152654,0.0,0.0,0.7422369447329665,0.9740383285274627
24,50.8,ann_csgd,24238760,86106,0.9,0.9,1815,77,84291,24152577,0.021078670475925022,3.1880554410293794e-06,0.7422369447329665,0.9740383285274627
24,50.8,ann_csgd,24238760,86106,0.8,0.8,3684,328,82422,24152326,0.04278447494948087,1.3580288112436836e-05,0.7422369447329665,0.9740383285274627
24,50.8,ann_csgd,24238760,86106,0.7,0.7,5867,856,80239,24151798,0.0681369474833345,3.544123970806687e-05,0.7422369447329665,0.9740383285274627
24,50.8,ann_csgd,24238760,86106,0.6,0.6,8385,2041,77721,24150613,0.097379973521009,8.450417084598653e-05,0.7422369447329665,0.9740383285274627
24,50.8,ann_csgd,24238760,86106,0.5,0.5,11740,4203,74366,24148451,0.1363435765219613,0.00017401814309930493,0.7422369447329665,0.9740383285274627
24,50.8,ann_csgd,24238760,86106,0.4,0.4,15866,8562,70240,24144092,0.184261259377976,0.0003544952037155006,0.7422369447329665,0.9740383285274627
24,50.8,ann_csgd,24238760,86106,0.3,0.3,21232,17771,64874,24134883,0.24657979699440224,0.0007357783537991311,0.7422369447329665,0.9740383285274627
24,50.8,ann_csgd,24238760,86106,0.2,0.2,29014,41073,57092,24111581,0.33695677420853365,0.00170055845622597,0.7422369447329665,0.9740383285274627
24,50.8,ann_csgd,24238760,86106,0.1,0.1,42054,121589,44052,24031065,0.4883980210438297,0.005034187961289885,0.7422369447329665,0.9740383285274627
24,50.8,ann_csgd,24238760,86106,0.0,0,86106,24152654,0,0,1.0,1.0,0.7422369447329665,0.9740383285274627
24,50.8,gnn_csgd,24238760,86106,,No positive forecasts,0,0,86106,24152654,0.0,0.0,0.741808492713111,0.9759021993469083
24,50.8,gnn_csgd,24238760,86106,0.9,0.9,1725,72,84381,24152582,0.02003344714654031,2.9810388539495495e-06,0.741808492713111,0.9759021993469083
24,50.8,gnn_csgd,24238760,86106,0.8,0.8,3616,333,82490,24152321,0.04199475065616798,1.3787304699516666e-05,0.741808492713111,0.9759021993469083
24,50.8,gnn_csgd,24238760,86106,0.7,0.7,6120,851,79986,24151803,0.0710751863981604,3.5234223120987034e-05,0.741808492713111,0.9759021993469083
24,50.8,gnn_csgd,24238760,86106,0.6,0.6,9242,2138,76864,24150516,0.10733282233526119,8.852029263533523e-05,0.741808492713111,0.9759021993469083
24,50.8,gnn_csgd,24238760,86106,0.5,0.5,12947,4764,73159,24147890,0.15036118272826515,0.00019724540416966185,0.741808492713111,0.9759021993469083
24,50.8,gnn_csgd,24238760,86106,0.4,0.4,17278,9893,68828,24142761,0.20065965205676725,0.00040960301919615126,0.741808492713111,0.9759021993469083
24,50.8,gnn_csgd,24238760,86106,0.3,0.3,22618,19775,63488,24132879,0.2626762362669268,0.0008187506019007269,0.741808492713111,0.9759021993469083
24,50.8,gnn_csgd,24238760,86106,0.2,0.2,29836,41639,56270,24111015,0.3465031472835807,0.0017239927338834067,0.741808492713111,0.9759021993469083
24,50.8,gnn_csgd,24238760,86106,0.1,0.1,41961,115302,44145,24037352,0.4873179569367988,0.004773885304695707,0.741808492713111,0.9759021993469083
24,50.8,gnn_csgd,24238760,86106,0.0,0,86106,24152654,0,0,1.0,1.0,0.741808492713111,0.9759021993469083
